Jan-27-21,RD/BD02-JP001,Cosmic String Noodryad,2,Ultra Parallel Rare,8,Dark,Pyro,25,10
Feb-13-21,RD/KP04-JP000,Jinzo,2,Rush Rare,6,Dark,Machine,24,15
Feb-13-21,RD/KP04-JP001,Constructor Soldier Drillzard,1,Common,3,Earth,Wyrm,11,8
Feb-13-21,RD/KP04-JP002,Constructor Warrior Shovelon,1,Rare,4,Earth,Wyrm,15,0
Feb-13-21,RD/KP04-JP003,Constructor Battler Big Roller,1,Common,6,Earth,Wyrm,19,6
Feb-13-21,RD/KP04-JP004,Brassaxophone the Music Princess,1,Common,3,Wind,Warrior,10,12
Feb-13-21,RD/KP04-JP005,Flutomahawk the Music Princess,1,Rare,4,Wind,Warrior,15,0
Feb-13-21,RD/KP04-JP006,Bull Breaker,1,Common,4,Earth,Machine,12,8
Feb-13-21,RD/KP04-JP007,Oppressed Ant,1,Common,1,Water,Insect,1,2
Feb-13-21,RD/KP04-JP008,United Ants,1,Common,1,Wind,Insect,1,4
Feb-13-21,RD/KP04-JP009,Ants Running About,1,Common,1,Fire,Insect,1,6
Feb-13-21,RD/KP04-JP010,Tsuvolcano,1,Common,1,Earth,Pyro,0,14
Feb-13-21,RD/KP04-JP011,Enchanting Mermaid,1,Common,3,Water,Fish,12,9
Feb-13-21,RD/KP04-JP012,Descendant of Titans,1,Common,1,Light,Fiend,10,0
Feb-13-21,RD/KP04-JP013,Grace Princess Kana,1,Common,2,Light,Aqua,2,14
Feb-13-21,RD/KP04-JP014,Silent Assailant,1,Common,4,Dark,Psychic,15,0
Feb-13-21,RD/KP04-JP015,Steel Mech Lord Mirror Innovator,2,Rush Rare,7,Light,Machine,24,18
Feb-13-21,RD/KP04-JP016,Insurrection Dragon,2,Common,7,Wind,Dragon,0,0
Feb-13-21,RD/KP04-JP017,Chemical Cure Blue,2,Super Rare,4,Water,Psychic,13,4
Feb-13-21,RD/KP04-JP018,Tama the Mancer Cat,2,Common,1,Dark,Beast,0,10
Feb-13-21,RD/KP04-JP019,Modorina the Light Retriever,2,Rare,2,Light,Fairy,8,5
Feb-13-21,RD/KP04-JP020,Semeruler the Dark Summoner,2,Ultra Rare,8,Dark,Warrior,25,20
Feb-13-21,RD/KP04-JP021,Wyrm Excavator the Heavy Cavalry Draco [L],3,Ultra Rare,3,Earth,Wyrm,8,0
Feb-13-21,RD/KP04-JP022,Wyrm Excavator the Heavy Cavalry Draco,3,Ultra Rare,10,Earth,Wyrm,25,0
Feb-13-21,RD/KP04-JP023,Wyrm Excavator the Heavy Cavalry Draco [R],3,Ultra Rare,3,Earth,Wyrm,8,0
Feb-13-21,RD/KP04-JP024,Constructor Wyrm Buildragon,2,Rush Rare,8,Earth,Wyrm,25,20
Feb-13-21,RD/KP04-JP025,Picklon the Constructor Fairy,2,Rare,3,Earth,Wyrm,2,10
Feb-13-21,RD/KP04-JP026,Nuncharinet the Music Princess,2,Common,5,Wind,Warrior,16,5
Feb-13-21,RD/KP04-JP027,Trumpetonfa the Music Princess,2,Common,6,Wind,Warrior,16,10
Feb-13-21,RD/KP04-JP028,Ensembullfighter the Music Fiend,2,Rare,7,Wind,Warrior,22,22
Feb-13-21,RD/KP04-JP029,Digisoon the Music Fiend,2,Ultra Rare,8,Wind,Warrior,24,20
Feb-13-21,RD/KP04-JP031,Drilling Mandrill,2,Rare,7,Earth,Machine,17,20
Feb-13-21,RD/KP04-JP032,Shield Boring Kong,2,Super Rare,8,Earth,Machine,23,17
Feb-13-21,RD/KP04-JP033,Antrebellion of the Rebellion,2,Common,7,Earth,Insect,1,1
Feb-13-21,RD/KP04-JP034,Anmagmabear,2,Rare,1,Earth,Pyro,1,1
Feb-13-21,RD/KP04-JP035,Aromagmabear,2,Common,3,Earth,Pyro,6,12
Feb-13-21,RD/KP04-JP036,Magmassage,2,Common,7,Fire,Pyro,21,21
Feb-13-21,RD/KP04-JP037,Magmax Mantleveda,2,Rare,8,Fire,Pyro,24,15
Feb-13-21,RD/KP04-JP038,Sakakaze the Talismanic Warrior,2,Rare,3,Wind,Warrior,10,10
Feb-20-21,RD/21CC-JP001,Amabie,2,Common,3,Water,Fairy,0,0
Mar-20-21,RD/P003-JP001,Sevens Road Warlock,2,Super Rare,5,Dark,Spellcaster,11,17
Mar-20-21,RD/P003-JP002,Triad Drago,2,Super Rare,3,Earth,Dragon,3,13
Mar-22-21,RD/B001-JP006,Mokey Mokey,1,Common,1,Light,Fairy,3,1
Mar-22-21,RD/B001-JP007,Shovel Crusher,1,Common,3,Earth,Machine,9,12
Mar-22-21,RD/B001-JP008,Gokibore,1,Common,4,Earth,Insect,12,14
Mar-22-21,RD/B001-JP009,Sky Dragon,1,Common,6,Wind,Dragon,19,18
Mar-28-21,RD/SA01-JP001,Sevens Road Magician,2,Secret Rare,7,Dark,Spellcaster,21,15
Mar-28-21,RD/SA01-JP002,Multistrike Dragon Dragias,2,Secret Rare,7,Light,Dragon,25,15
Mar-28-21,RD/SA01-JP003,Prima Guitarna the Shining Superstar,2,Secret Rare,7,Light,Psychic,22,0
Mar-28-21,RD/SA01-JP004,Yamiruler the Dark Delayer,2,Secret Rare,8,Dark,Warrior,25,25
Mar-28-21,RD/SA01-JP005,Royal Rebel's Heavy Metal,2,Secret Rare,8,Light,Fiend,25,0
Mar-29-21,RD/WJMP-JP002,Dian Keto the Security Master,2,Normal Parallel Rare,8,Dark,Aqua,25,10
Apr-01-21,RD/SJMP-JP007,Kumamon,1,Normal Parallel Rare,2,Water,Pyro,9,9
Apr-24-21,RD/KP05-JP000,Buster Blader,2,Rush Rare,7,Earth,Warrior,26,23
Apr-24-21,RD/KP05-JP001,The Fire Dragon,1,Rare,4,Fire,Dragon,15,0
Apr-24-21,RD/KP05-JP002,CAN:D,1,Super Rare,1,Light,Psychic,1,1
Apr-24-21,RD/KP05-JP003,Royal Rebel's No Wave,1,Common,7,Light,Fiend,0,26
Apr-24-21,RD/KP05-JP004,Enguarding Mermaid,1,Common,3,Dark,Aqua,12,0
Apr-24-21,RD/KP05-JP005,Kanan the Warden Mistress,1,Rare,4,Dark,Aqua,14,0
Apr-24-21,RD/KP05-JP006,Kurobana the Shadow Flower Wolf,1,Common,3,Earth,Plant,8,13
Apr-24-21,RD/KP05-JP007,Lindo the Shadow Flower Warrior,1,Common,4,Earth,Plant,13,14
Apr-24-21,RD/KP05-JP008,Bombing Bird,1,Common,4,Fire,Winged Beast,13,12
Apr-24-21,RD/KP05-JP009,Grass,1,Common,1,Earth,Plant,0,0
Apr-24-21,RD/KP05-JP010,Surge Bolt Lizard,1,Common,4,Light,Thunder,15,0
Apr-24-21,RD/KP05-JP011,Baked Bean Soldier,1,Rare,4,Fire,Plant,15,0
Apr-24-21,RD/KP05-JP012,Metal Armored Ant,1,Common,7,Earth,Insect,1,25
Apr-24-21,RD/KP05-JP014,Hyper Engine Vast Vulcan [L],3,Ultra Rare,4,Fire,Warrior,9,0
Apr-24-21,RD/KP05-JP015,Hyper Engine Vast Vulcan,3,Ultra Rare,10,Fire,Warrior,15,0
Apr-24-21,RD/KP05-JP016,Hyper Engine Vast Vulcan [R],3,Ultra Rare,3,Fire,Warrior,6,0
Apr-24-21,RD/KP05-JP017,Fortitude Dragon,2,Rare,4,Dark,Dragon,9,11
Apr-24-21,RD/KP05-JP018,Andoll,2,Common,1,Dark,Psychic,2,1
Apr-24-21,RD/KP05-JP020,Takegumi the Ruler's Squad,2,Rare,6,Earth,Warrior,0,18
Apr-24-21,RD/KP05-JP021,Tranquil Unknown Soldier,2,Common,6,Dark,Warrior,18,0
Apr-24-21,RD/KP05-JP022,Icezark the Unequaled,2,Rare,7,Water,Winged Beast,20,20
Apr-24-21,RD/KP05-JP023,Royal Rebel's Phaser,2,Common,1,Light,Fiend,1,0
Apr-24-21,RD/KP05-JP025,Vice Jacker,2,Rare,8,Dark,Machine,15,15
Apr-24-21,RD/KP05-JP026,Dian Keto the Security Master,2,Super Rare,8,Dark,Aqua,25,10
Apr-24-21,RD/KP05-JP027,Acacia the Shadow Flower Priestess,2,Common,3,Earth,Plant,10,10
Apr-24-21,RD/KP05-JP028,Gekka the Shadow Flower Beauty,2,Common,4,Earth,Plant,0,13
Apr-24-21,RD/KP05-JP029,Etraynze the Shadow Flower Ninja,2,Super Rare,7,Earth,Plant,23,10
Apr-24-21,RD/KP05-JP030,Gajumaru the Shadow Flower Lion,2,Rare,7,Earth,Plant,24,15
Apr-24-21,RD/KP05-JP031,Garland the True Shadow Flower Ninja,2,Ultra Rare,8,Earth,Plant,25,15
Apr-24-21,RD/KP05-JP032,Gatling the Shadow Flower Shinobi,2,Rare,7,Earth,Plant,20,24
Apr-24-21,RD/KP05-JP033,Blasting Bird,2,Common,3,Light,Winged Beast,8,10
Apr-24-21,RD/KP05-JP034,Night Vision the Phantom Pigeon,2,Rare,7,Dark,Winged Beast,22,15
Apr-24-21,RD/KP05-JP035,Siesta Torero,2,Super Rare,3,Water,Warrior,12,0
Apr-24-21,RD/KP05-JP036,Maginical Miracle,2,Common,4,Light,Psychic,10,1
Apr-24-21,RD/KP05-JP037,Coiled Dragon of Fertility,2,Common,4,Earth,Wyrm,10,4
Apr-24-21,RD/KP05-JP038,Cheron the Star Knight,2,Super Rare,7,Light,Fiend,23,18
Apr-24-21,RD/D001-JP002,Multistrike Dragon Dragias,2,Rush Rare,7,Light,Dragon,25,15
Apr-30-21,RD/CL01-JP001,Nullstrike Dragon Zerogias,2,Ultra Rare,7,Dark,Dragon,25,15
May-01-21,RD/AKG1-JP001,Sevens Road Magician,2,Ultra Rare,7,Dark,Spellcaster,21,15
May-01-21,RD/AKG2-JP001,Multistrike Dragon Dragias,2,Ultra Rare,7,Light,Dragon,25,15
May-26-21,RD/BD03-JP001,Constructor Wyrm Buildragon,2,Ultra Parallel Rare,8,Earth,Wyrm,25,20
Jun-05-21,RD/MAX2-JP008,Zenigebazauls,2,Common,7,Light,Dinosaur,24,17
Jun-05-21,RD/MAX2-JP009,Mech Therizinoraptor,2,Rare,3,Light,Dinosaur,10,0
Jun-05-21,RD/MAX2-JP010,Upstart King Rex,2,Rare,3,Light,Dinosaur,7,10
Jun-05-21,RD/MAX2-JP011,Terrorsaur Sternptera,2,Common,4,Fire,Dinosaur,5,12
Jun-05-21,RD/MAX2-JP012,Uraby,1,Common,4,Earth,Dinosaur,15,8
Jun-05-21,RD/MAX2-JP013,Celebrontosaurus,1,Common,4,Light,Dinosaur,14,10
Jun-05-21,RD/MAX2-JP014,Platinumdon,1,Common,1,Light,Dinosaur,0,14
Jun-05-21,RD/MAX2-JP021,Seedclotron Brusseln,2,Super Rare,7,Light,Cyberse,24,16
Jun-05-21,RD/MAX2-JP022,Cycliptron,1,Rare,4,Light,Cyberse,1,15
Jun-05-21,RD/MAX2-JP025,Scarechair Relaxer‎,2,Common,2,Dark,Fairy,0,5
Jun-05-21,RD/MAX2-JP026,Scarechair Scale,2,Common,1,Dark,Sea Serpent,0,1
Jun-05-21,RD/MAX2-JP029,Constructor Demolition Wyrm Dracrush,1,Super Rare,7,Earth,Wyrm,24,19
Jun-05-21,RD/MAX2-JP034,Clubinet the Music Princess,1,Common,3,Wind,Warrior,8,14
Jun-05-21,RD/MAX2-JP035,Horn Wan Yue the Music Princess,2,Super Rare,2,Wind,Warrior,5,5
Jun-05-21,RD/MAX2-JP040,Dragon Roll the Sushi Fairy,2,Common,6,Wind,Fairy,15,5
Jun-05-21,RD/MAX2-JP041,Tiger Roll the Sushi Fairy,2,Rare,4,Water,Fairy,12,12
Jun-05-21,RD/MAX2-JP042,Monkey Roll the Sushi Fairy,1,Common,4,Earth,Fairy,13,13
Jun-05-21,RD/MAX2-JP043,Spider Roll the Sushi Fairy,1,Common,2,Dark,Fairy,8,8
Jun-05-21,RD/MAX2-JP048,Startup Goblin,2,Super Rare,4,Earth,Beast-Warrior,10,10
Jul-01-21,RD/B002-JP006,Volcanic Rat,1,Common,1,Fire,Pyro,5,5
Jul-01-21,RD/B002-JP007,Tristegatops,1,Common,2,Earth,Dinosaur,7,11
Jul-01-21,RD/B002-JP008,Tyhone,1,Common,4,Wind,Winged Beast,12,14
Jul-01-21,RD/B002-JP009,Bean Soldier,1,Common,4,Earth,Plant,14,13
Jul-01-21,RD/B002-JP010,Tyhone #2,1,Common,6,Fire,Dragon,17,19
Jul-01-21,RD/SA02-JP001,Sevens Road Witch,2,Secret Rare,6,Dark,Spellcaster,16,10
Jul-01-21,RD/SA02-JP002,Shock Dragon,2,Secret Rare,7,Fire,Dragon,16,25
Jul-01-21,RD/SA02-JP003,Esperade the Smashing Superstar,2,Secret Rare,7,Dark,Psychic,25,0
Jul-01-21,RD/SA02-JP004,Semeruler the Dark Summoner,2,Secret Rare,8,Dark,Warrior,25,20
Jul-01-21,RD/SA02-JP005,Dian Keto the Boogie Master,2,Secret Rare,8,Light,Aqua,25,10
Jul-22-21,RD/711A-JP001,Sevens Road Magician,2,Normal Parallel Rare,7,Dark,Spellcaster,21,15
Jul-22-21,RD/711A-JP002,Sevens Road Witch,2,Normal Parallel Rare,6,Dark,Spellcaster,16,10
Jul-22-21,RD/711A-JP003,Sevens Road Mage,2,Normal Parallel Rare,2,Dark,Spellcaster,8,8
Jul-22-21,RD/711A-JP004,Sevens Road Warlock,2,Normal Parallel Rare,5,Dark,Spellcaster,11,17
Jul-22-21,RD/711A-JP005,Kuribot,2,Normal Parallel Rare,1,Dark,Fiend,3,2
Jul-22-21,RD/711A-JP006,Kuribot,2,Normal Parallel Rare,1,Dark,Fiend,3,2
Jul-22-21,RD/711A-JP007,Kuribot,2,Normal Parallel Rare,1,Dark,Fiend,3,2
Jul-24-21,RD/KP06-JP000,Cyber-Tech Alligator,1,Rush Rare,5,Wind,Machine,25,16
Jul-24-21,RD/KP06-JP002,Shining Employee Brand New,1,Common,4,Light,Machine,14,6
Jul-24-21,RD/KP06-JP003,Corporate Soldier Shine Black,1,Common,5,Light,Machine,17,0
Jul-24-21,RD/KP06-JP004,Battle Ox Tongue,1,Common,3,Fire,Beast,10,10
Jul-24-21,RD/KP06-JP005,Roastic Horseman,1,Common,3,Fire,Beast,12,8
Jul-24-21,RD/KP06-JP006,Archfiend Marmot of Nefaribousness,1,Rare,4,Fire,Beast,15,0
Jul-24-21,RD/KP06-JP007,Hampering Hippo,1,Common,6,Earth,Beast,2,21
Jul-24-21,RD/KP06-JP008,Dogulce Jomont Blanc,1,Common,6,Earth,Pyro,19,15
Jul-24-21,RD/KP06-JP009,Grilled Pangolin,1,Common,1,Fire,Beast,0,14
Jul-24-21,RD/KP06-JP010,Flying Kamakiri #2,1,Rare,4,Wind,Insect,15,8
Jul-24-21,RD/KP06-JP011,Northern Gyoza Girl,1,Common,5,Light,Aqua,9,17
Jul-24-21,RD/KP06-JP012,Whirlwind Phantom Beast Pazuzu,1,Common,6,Wind,Beast,20,5
Jul-24-21,RD/KP06-JP013,Handy Lady,1,Common,7,Wind,Psychic,24,12
Jul-24-21,RD/KP06-JP014,Sevens Road Wiz,2,Super Rare,1,Dark,Spellcaster,10,0
Jul-24-21,RD/KP06-JP016,Terror Attack Dragon Stock Buster,2,Common,7,Dark,Dragon,24,16
Jul-24-21,RD/KP06-JP018,Speedy Performer,2,Super Rare,3,Dark,Psychic,4,10
Jul-24-21,RD/KP06-JP019,Future Diviner,2,Super Rare,4,Water,Psychic,5,13
Jul-24-21,RD/KP06-JP020,Betrayer of Peace,2,Common,4,Light,Warrior,12,10
Jul-24-21,RD/KP06-JP021,Kachisuzaku the Unequaled,2,Rare,7,Fire,Winged Beast,21,21
Jul-24-21,RD/KP06-JP023,Shining SP Corporate Guard,2,Common,5,Light,Machine,10,18
Jul-24-21,RD/KP06-JP024,Shining Black Corporate King Arktalk the Corrupt,2,Ultra Rare,7,Light,Machine,24,6
Jul-24-21,RD/KP06-JP025,Harami Kushiro the Shichirin Samurai,2,Super Rare,7,Fire,Beast,22,9
Jul-24-21,RD/KP06-JP026,Beast Drive Mega Elephant,2,Rare,8,Earth,Beast,17,25
Jul-24-21,RD/KP06-JP027,Dogulce Langue de Chakoki,2,Rare,5,Earth,Pyro,17,0
Jul-24-21,RD/KP06-JP028,Dokidoki Hexenhaus,2,Rare,7,Earth,Pyro,23,21
Jul-24-21,RD/KP06-JP029,Jasmine the Shadow Flower Festival,2,Common,1,Earth,Plant,3,2
Jul-24-21,RD/KP06-JP030,Crafter Drone,2,Rare,3,Earth,Machine,10,0
Jul-24-21,RD/KP06-JP031,Assault Armato,2,Common,3,Light,Machine,12,6
Jul-24-21,RD/KP06-JP032,Heat Hyena,2,Common,4,Fire,Beast,10,8
Jul-24-21,RD/KP06-JP033,Reset Runner,2,Common,4,Light,Cyberse,10,0
Jul-24-21,RD/KP06-JP034,Lindmühle,2,Common,4,Wind,Wyrm,11,0
Jul-24-21,RD/KP06-JP035,Gatekeeping Gargoyle,2,Rare,6,Light,Fiend,16,12
Jul-24-21,RD/KP06-JP036,Vietor the Prevailing Wind,2,Rare,6,Wind,Warrior,17,0
Jul-24-21,RD/KP06-JP037,Bladesaurus,2,Super Rare,6,Earth,Dinosaur,17,8
Jul-24-21,RD/KP06-JP038,Arzareth the Sweeping Wind,2,Ultra Rare,7,Wind,Fairy,22,25
Aug-04-21,RD/SBP1-JP001,Ultimate Flag Mech Tough Striker,1,Normal Parallel Rare,7,Light,Machine,25,16
Aug-04-21,RD/SBP1-JP002,Ultimate Flag Beast Avan Wolf,1,Normal Parallel Rare,4,Light,Machine,15,2
Aug-04-21,RD/SBP1-JP003,Ultimate Flag Beast Aim Eagle,2,Normal Parallel Rare,2,Light,Machine,2,2
Aug-12-21,RD/VC21-JP001,Nightbringer Dragon,2,Ultra Rare,7,Dark,Dragon,24,15
Aug-12-21,RD/G001-JPB01,Ultimate Flag Beast Surge Bicorn,2,Normal Parallel Rare,3,Light,Machine,8,2
Aug-12-21,RD/G001-JP001,Ultimate Flag Mech Ace Breaker,2,Secret Rare,7,Light,Machine,25,16
Aug-12-21,RD/G001-JP002,Dark Magician Girl,2,Secret Rare,6,Dark,Spellcaster,20,17
Aug-21-21,RD/SBD1-JP001,Supreme Machine Magnum Overlord [L],3,Common,4,Dark,Machine,8,0
Aug-21-21,RD/SBD1-JP002,Supreme Machine Magnum Overlord,3,Common,10,Dark,Machine,19,0
Aug-21-21,RD/SBD1-JP003,Supreme Machine Magnum Overlord [R],3,Common,3,Dark,Machine,5,0
Aug-21-21,RD/SBD1-JP004,Full Meteor Impact,2,Common,7,Fire,Rock,25,0
Aug-21-21,RD/SBD1-JP005,Steel Mech Lord Mirror Innovator,2,Common,7,Light,Machine,24,18
Aug-21-21,RD/SBD1-JP008,Bascule the Moving Fortress,2,Common,7,Earth,Machine,0,25
Aug-21-21,RD/SBD1-JP009,Accel Wonder Supra,2,Common,6,Water,Spellcaster,16,17
Aug-21-21,RD/SBD1-JP010,Accel Wonder Flare,2,Common,5,Fire,Spellcaster,17,16
Aug-21-21,RD/SBD1-JP011,Sonic Attacker,2,Common,5,Wind,Machine,13,10
Aug-21-21,RD/SBD1-JP012,Necromaid Nana‎,2,Common,5,Light,Zombie,11,7
Aug-21-21,RD/SBD1-JP013,Aqua Sorcerer,1,Common,4,Water,Spellcaster,15,0
Aug-21-21,RD/SBD1-JP014,Cyber Falcon,1,Common,4,Wind,Machine,14,12
Aug-21-21,RD/SBD1-JP015,Doriado,1,Common,4,Earth,Spellcaster,12,14
Aug-21-21,RD/SBD1-JP016,Silver Wolf,2,Common,3,Earth,Beast,13,4
Aug-21-21,RD/SBD1-JP017,Thunder the Thunder ,2,Common,3,Light,Thunder,13,3
Aug-21-21,RD/SBD1-JP018,Fire Golem,2,Common,3,Fire,Spellcaster,12,8
Aug-21-21,RD/SBD1-JP019,Amazing Dealer,2,Common,3,Water,Spellcaster,0,10
Aug-21-21,RD/SBD1-JP020,Silver Fang,1,Common,3,Earth,Beast,12,8
Aug-21-21,RD/SBD1-JP021,Magical Beast Wolfang,1,Common,3,Fire,Spellcaster,11,1
Aug-21-21,RD/SBD1-JP022,Straynge Cat,1,Common,1,Earth,Spellcaster,0,14
Aug-21-21,RD/SBD2-JP001,Illusion Strike Dragon Miragias,2,Common,7,Dark,Dragon,25,15
Aug-21-21,RD/SBD2-JP002,Dragonic Slayer,2,Common,7,Earth,Dragon,23,0
Aug-21-21,RD/SBD2-JP003,Sportsdragon Rock Closer,2,Common,7,Fire,Dragon,22,13
Aug-21-21,RD/SBD2-JP004,Shock Dragon,2,Common,7,Fire,Dragon,16,25
Aug-21-21,RD/SBD2-JP005,Insurrection Dragon,2,Common,7,Wind,Dragon,0,0
Aug-21-21,RD/SBD2-JP006,Sky Dragon,1,Common,6,Wind,Dragon,19,18
Aug-21-21,RD/SBD2-JP007,Sportsdragon Keeper,1,Common,6,Earth,Dragon,4,19
Aug-21-21,RD/SBD2-JP008,Righteous Dragon,2,Common,5,Light,Dragon,12,12
Aug-21-21,RD/SBD2-JP009,Crawling Dragon,1,Common,5,Earth,Dragon,16,14
Aug-21-21,RD/SBD2-JP010,Sportsdragon Striker,2,Common,4,Earth,Dragon,13,2
Aug-21-21,RD/SBD2-JP011,Dragon Merchant,2,Common,4,Light,Dragon,10,5
Aug-21-21,RD/SBD2-JP012,Sylphidra,1,Common,4,Wind,Dragon,15,0
Aug-21-21,RD/SBD2-JP013,Lesser Dragon,1,Common,4,Wind,Dragon,12,10
Aug-21-21,RD/SBD2-JP014,Sportsdragon Slugger,2,Common,1,Dark,Dragon,10,0
Aug-21-21,RD/SBD2-JP015,Baby Dragon,1,Common,3,Wind,Dragon,12,7
Aug-21-21,RD/SBD2-JP016,Lizard Soldier,1,Common,3,Wind,Dragon,11,8
Aug-21-21,RD/SBD2-JP017,Sportsdragon Defender,2,Common,2,Earth,Dragon,3,7
Aug-21-21,RD/SBD2-JP018,Sportsdragon Pitcher,2,Common,1,Dark,Dragon,0,10
Aug-21-21,RD/SBD2-JP019,Draco The Tiny,1,Common,1,Wind,Dragon,0,14
Aug-21-21,RD/SBD3-JP001,Yamiruler the Dark Delayer,2,Common,8,Dark,Warrior ,25,25
Aug-21-21,RD/SBD3-JP002,Kimeruler the Dark Raider,2,Common,8,Dark,Warrior ,25,20
Aug-21-21,RD/SBD3-JP003,Semeruler the Dark Summoner,2,Common,8,Dark,Warrior,25,20
Aug-21-21,RD/SBD3-JP004,Gaia The Fierce Knight,1,Common,7,Earth,Warrior ,23,21
Aug-21-21,RD/SBD3-JP005,Tranquil Unknown Soldier,2,Common,6,Dark,Warrior ,18,0
Aug-21-21,RD/SBD3-JP006,Matsugumi the Ruler's Squad,2,Common,6,Earth,Warrior ,18,0
Aug-21-21,RD/SBD3-JP007,Takegumi the Ruler's Squad,2,Common,6,Earth,Warrior,0,18
Aug-21-21,RD/SBD3-JP008,Umegumi the Ruler's Squad,2,Common,6,Earth,Warrior ,17,0
Aug-21-21,RD/SBD3-JP009,Blue Falcon Tengu,1,Common,6,Water,Winged Beast,18,18
Aug-21-21,RD/SBD3-JP010,Yurushima the Hermit,1,Common,6,Earth,Fairy,0,20
Aug-21-21,RD/SBD3-JP011,Nandes the Fire Awakener,2,Common,4,Fire,Warrior ,12,10
Aug-21-21,RD/SBD3-JP012,Yurushima Warrior,2,Common,4,Dark,Warrior ,12,0
Aug-21-21,RD/SBD3-JP013,Faith Bird,1,Common,4,Wind,Winged Beast,15,11
Aug-21-21,RD/SBD3-JP014,Masaki the Legendary Samurai,1,Common,4,Earth,Warrior ,15,0
Aug-21-21,RD/SBD3-JP015,Hero of the Yeast,1,Common,4,Earth,Warrior ,15,0
Aug-21-21,RD/SBD3-JP016,Sakakaze the Talismanic Warrior,2,Common,3,Wind,Warrior,10,10
Aug-21-21,RD/SBD3-JP017,Modorina the Light Retriever,2,Common,2,Light,Fairy,8,5
Aug-21-21,RD/SBD3-JP018,Tama the Mancer Cat,2,Common,1,Dark,Beast,0,10
Aug-21-21,RD/SBD3-JP019,Mokey Mokey,1,Common,1,Light,Fairy,3,1
Aug-21-21,RD/SBD3-JP020,Ancient Turtle Protector,1,Common,1,Water,Reptile,0,14
Aug-21-21,RD/SBD3-JP021,Crying Moon Rabbit,1,Common,1,Light,Beast,0,14
Aug-21-21,RD/SBD4-JP001,Prima Guitarna the Shining Superstar,2,Common,7,Light,Psychic,22,0
Aug-21-21,RD/SBD4-JP002,Esperade the Smashing Superstar,2,Common,7,Dark,Psychic,25,0
Aug-21-21,RD/SBD4-JP003,Giftarist,2,Common,7,Dark,Psychic,24,0
Aug-21-21,RD/SBD4-JP004,Romic n' Roller,2,Common,6,Dark,Psychic,17,0
Aug-21-21,RD/SBD4-JP005,Berry Bassist,2,Common,6,Dark,Psychic,16,0
Aug-21-21,RD/SBD4-JP006,Psy Stage Bouncer,1,Common,6,Dark,Psychic,20,7
Aug-21-21,RD/SBD4-JP007,Telepathic Agent,2,Common,4,Wind,Psychic,10,8
Aug-21-21,RD/SBD4-JP008,Silent Assailant,1,Common,4,Dark,Psychic,15,0
Aug-21-21,RD/SBD4-JP009,Peace Holder,1,Common,4,Light,Psychic,15,0
Aug-21-21,RD/SBD4-JP010,Amusi Performer,2,Common,3,Fire,Psychic,8,3
Aug-21-21,RD/SBD4-JP011,Concert Costume Creator,1,Common,3,Light,Psychic,12,8
Aug-21-21,RD/SBD4-JP012,Dreamrummer,2,Common,2,Dark,Psychic,5,0
Aug-21-21,RD/SBD4-JP013,Keytar Kid,1,Common,2,Dark,Psychic,7,0
Aug-21-21,RD/SBD4-JP014,Watangel,1,Common,2,Light,Psychic,5,8
Aug-21-21,RD/SBD4-JP015,Wattkiss,1,Common,2,Light,Psychic,3,10
Aug-21-21,RD/SBD4-JP016,Romanpick,2,Common,1,Light,Psychic,5,0
Aug-21-21,RD/SBD4-JP017,Andoll,2,Common,1,Dark,Psychic,2,1
Aug-21-21,RD/SBD4-JP018,Howlingbird,1,Common,1,Light,Psychic,0,14
Aug-21-21,RD/SBD5-JP001,Royal Rebel's Heavy Metal,2,Common,8,Light,Fiend,25,0
Aug-21-21,RD/SBD5-JP002,Asbolus the Star Knight,2,Common,7,Light,Fiend,24,12
Aug-21-21,RD/SBD5-JP003,Royal Rebel's No Wave,1,Common,7,Light,Fiend,0,26
Aug-21-21,RD/SBD5-JP004,Followl of the Fornether,2,Common,6,Light,FIend,16,9
Aug-21-21,RD/SBD5-JP005,Echeclus the Star Knight,1,Common,6,Light,Fiend,16,20
Aug-21-21,RD/SBD5-JP006,Royal Rebel's Blues,2,Common,5,Light,Fiend,11,0
Aug-21-21,RD/SBD5-JP007,Royal Rebel's Shout,2,Common,4,Light,Fiend,12,0
Aug-21-21,RD/SBD5-JP008,Palace Gargoyle,2,Common,4,Light,Fiend,10,12
Aug-21-21,RD/SBD5-JP009,Nessus the Star Knight,1,Common,4,Light,Fiend,15,0
Aug-21-21,RD/SBD5-JP010,Feral Imp,1,Common,4,Dark,Fiend,13,14
Aug-21-21,RD/SBD5-JP011,Followl of the Dark Wisdom,1,Common,3,Light,Fiend,11,4
Aug-21-21,RD/SBD5-JP012,Garmr the Lone Wolf,1,Common,2,Light,Fiend,8,2
Aug-21-21,RD/SBD5-JP013,Royal Rebel's Phaser,2,Common,1,Light,Fiend,1,0
Aug-21-21,RD/SBD5-JP014,Archfiend's Summoning Flute,2,Common,1,Dark,Fiend,0,0
Aug-21-21,RD/SBD5-JP015,Descendant of Titans,1,Common,1,Light,Fiend,10,0
Aug-21-21,RD/SBD5-JP016,Babysitter Goat,1,Common,1,Dark,Fiend,0,14
Aug-21-21,RD/SBD5-JP017,Royal Rebel's Fanatic,1,Common,1,Light,Fiend,0,0
Aug-21-21,RD/SBD6-JP001,Yggdrago the Sky Emperor [L],3,Common,4,Light,Cyberse,9,0
Aug-21-21,RD/SBD6-JP002,Yggdrago the Sky Emperor,3,Common,10,Light,Cyberse,20,0
Aug-21-21,RD/SBD6-JP003,Yggdrago the Sky Emperor [R],3,Common,3,Light,Cyberse,6,0
Aug-21-21,RD/SBD6-JP004,Sigilstate Sol,2,Common,7,Light,Cyberse,25,0
Aug-21-21,RD/SBD6-JP005,Berceptacle Mani,2,Common,7,Dark,Cyberse,23,0
Aug-21-21,RD/SBD6-JP006,Shrinker Shrimp,2,Common,5,Light,Cyberse,17,1
Aug-21-21,RD/SBD6-JP007,Peacock Picotron,2,Common,5,Light,Cyberse,16,1
Aug-21-21,RD/SBD6-JP008,Reset Runner,2,Common,4,Light,Cyberse,10,0
Aug-21-21,RD/SBD6-JP009,Connector Dog,1,Common,4,Light,Cyberse,15,1
Aug-21-21,RD/SBD6-JP010,Femtron,1,Common,4,Light,Cyberse,14,1
Aug-21-21,RD/SBD6-JP011,Cycliptron,1,Common,4,Light,Cyberse,1,15
Aug-21-21,RD/SBD6-JP012,Attron,2,Common,3,Light,Cyberse,10,1
Aug-21-21,RD/SBD6-JP013,Zeptron,2,Common,2,Light,Cyberse,5,1
Aug-21-21,RD/SBD6-JP014,Yoctron,2,Common,1,Light,Cyberse,1,1
Aug-21-21,RD/SBD7-JP001,Wyrm Excavator the Heavy Cavalry Draco [L],3,Common,3,Earth,Wyrm,8,0
Aug-21-21,RD/SBD7-JP002,Wyrm Excavator the Heavy Cavalry Draco,3,Common,10,Earth,Wyrm,25,0
Aug-21-21,RD/SBD7-JP003,Wyrm Excavator the Heavy Cavalry Draco [R],3,Common,3,Earth,Wyrm,8,0
Aug-21-21,RD/SBD7-JP004,Constructor Wyrm Buildragon,2,Common,8,Earth,Wyrm,25,20
Aug-21-21,RD/SBD7-JP005,Shield Boring Kong,2,Common,8,Earth,Machine,23,17
Aug-21-21,RD/SBD7-JP006,Beast Drive Mega Elephant,2,Common,8,Earth,Beast,17,25
Aug-21-21,RD/SBD7-JP007,Night Vision the Phantom Pigeon,2,Common,7,Dark,Winged Beast,22,15
Aug-21-21,RD/SBD7-JP008,Constructor Battler Big Roller,1,Common,6,Earth,Wyrm,19,6
Aug-21-21,RD/SBD7-JP009,Hampering Hippo,1,Common,6,Earth,Beast,2,21
Aug-21-21,RD/SBD7-JP010,Constructor Brawler Mixah,2,Common,4,Earth,Wyrm,12,4
Aug-21-21,RD/SBD7-JP011,Coiled Dragon of Destruction,2,Common,4,Earth,Wyrm,11,3
Aug-21-21,RD/SBD7-JP012,Coiled Dragon of Fertility,2,Common,4,Earth,Wyrm,10,4
Aug-21-21,RD/SBD7-JP013,Constructor Warrior Shovelon,1,Common,4,Earth,Wyrm,15,0
Aug-21-21,RD/SBD7-JP014,Bombing Bird,1,Common,4,Fire,Winged Beast,13,12
Aug-21-21,RD/SBD7-JP015,Tyhone,1,Common,4,Wind,Winged Beast,12,14
Aug-21-21,RD/SBD7-JP016,Bull Breaker,1,Common,4,Earth,Machine,12,8
Aug-21-21,RD/SBD7-JP017,Constructor Engineer Draftannium,2,Common,3,Earth,Wyrm,5,10
Aug-21-21,RD/SBD7-JP018,Picklon the Constructor Fairy,2,Common,3,Earth,Wyrm,2,10
Aug-21-21,RD/SBD7-JP019,Constructor Soldier Drillzard,1,Common,3,Earth,Wyrm,11,8
Aug-21-21,RD/SBD7-JP020,Shovel Crusher,1,Common,3,Earth,Machine,9,12
Aug-21-21,RD/SBD7-JP021,Barrier Armordillo,1,Common,2,Earth,Beast,2,13
Aug-25-21,RD/BD04-JP001,CAN:D,1,Ultra Parallel Rare,1,Light,Psychic,1,1
Sep-01-21,RD/MAX2-JPC01,Supreme Flagship Magnum Overlord [L],3,Rush Rare,4,Dark,Machine,8,0
Sep-01-21,RD/MAX2-JPC02,Supreme Flagship Magnum Overlord ,3,Rush Rare,10,Dark,Machine,19,0
Sep-01-21,RD/MAX2-JPC03,Supreme Flagship Magnum Overlord [R],3,Rush Rare,3,Dark,Machine,5,0
Sep-01-21,RD/D001-JP003,Superstrike Dragon Dragiastar F,5,Rush Rare,9,Light,High Dragon,30,20
Sep-03-21,RD/SJMP-JP008,Ultimate Flag Beast Cannon Rhino,2,Normal Parallel Rare,5,Light,Machine,16,2
Sep-18-21,RD/EXT1-JP003,Metallion Eraclestar,5,Rare,9,Light,Cyborg,28,25
Sep-18-21,RD/EXT1-JP004,Metallion Ladonstar,5,Rare,9,Light,Cyborg,28,25
Sep-18-21,RD/EXT1-JP005,Fire Jester,2,Common,3,Light,Pyro,10,5
Sep-18-21,RD/EXT1-JP006,Imaginary Actor,1,Rare,1,Light,Machine,5,5
Sep-18-21,RD/EXT1-JP007,Gracesaurus,1,Common,4,Light,Dinosaur,14,5
Sep-18-21,RD/EXT1-JP008,Serpainter,1,Common,4,Light,Dragon,14,5
Sep-18-21,RD/EXT1-JP009,Sword Dancer,1,Common,4,Light,Warrior,14,5
Sep-18-21,RD/EXT1-JP010,Magic Juggler,1,Common,4,Light,Spellcaster,14,5
Sep-18-21,RD/EXT1-JP016,Whispark Fairy Girl,5,Super Rare,7,Fire,Spellcaster,22,16
Sep-18-21,RD/EXT1-JP017,Straynge Cats,5,Common,7,Earth,Spellcaster,2,26
Sep-18-21,RD/EXT1-JP018,Kuribotorero,5,Rare,6,Water,Fiend,12,22
Sep-18-21,RD/EXT1-JP019,Kuribot,2,Rare,1,Dark,Fiend,3,2
Sep-18-21,RD/EXT1-JP020,Mr. Alche,2,Common,1,Water,Spellcaster,1,5
Sep-18-21,RD/EXT1-JP021,Swordsman of Roadstar,1,Rare,3,Light,Warrior,12,5
Sep-18-21,RD/EXT1-JP023,Full Moon Dragon Umbrlancer F,5,Super Rare,7,Dark,High Dragon,23,16
Sep-18-21,RD/EXT1-JP024,Sportsdragon Kickbase Master,5,Rare,7,Dark,Dragon,23,2
Sep-18-21,RD/EXT1-JP025,The * Wyvern,2,Super Rare,5,Light,Dragon,5,15
Sep-18-21,RD/EXT1-JP026,The * Dragon,1,Rare,1,Light,Dragon,0,0
Sep-18-21,RD/EXT1-JP029,Amusi Howling Performer,5,Rare,7,Fire,Psychic,25,17
Sep-18-21,RD/EXT1-JP030,Chemical Cure Purple,5,Rare,7,Dark,Psychic,26,9
Sep-18-21,RD/EXT1-JP031,Chemical Cure Red,2,Super Rare,4,Fire,Psychic,13,5
Sep-18-21,RD/EXT1-JP033,Kengo Shogun of the Crescent Moon,5,Rare,8,Earth,Warrior,26,20
Sep-18-21,RD/EXT1-JP034,Fearstute Followl,5,Common,7,Light,Fiend,27,13
Sep-18-21,RD/EXT1-JP035,Permillind Hicrotron,5,Common,8,Light,Cyberse,26,0
Sep-18-21,RD/EXT1-JP036,Winged Celestial Dragon of Weal and Woe,5,Common,7,Earth,Wyrm,23,13
Sep-18-21,RD/EXT1-JP037,Hyper Upstart King Rex,5,Super Rare,9,Earth,Dinosaur,28,22
Sep-18-21,RD/EXT1-JP039,Remodeled Corporate Soldier Shine Organizer,2,Common,4,Light,Machine,6,6
Sep-18-21,RD/EXT1-JP040,Labyrinth Tank,4,Common,7,Dark,Machine,24,24
Sep-18-21,RD/EXT1-JP042,Giga-Tech Wolf,1,Common,4,FIre,Machine,12,14
Sep-18-21,RD/EXT1-JP043,Ether Seeker,2,Super Rare,4,Earth,Warrior,10,12
Sep-18-21,RD/EXT1-JP044,Priestess of Star Salvation,2,Super Rare,4,Water,Wyrm,12,0
Oct-04-21,RD/SJMP-JP009,The * Star Dragon,2,Normal Parallel Rare,7,Light,Dragon,25,15
Oct-16-21,RD/DON1-JP001,Donpen & Donko,1,Super Rare,2,Water,Aqua,9,8
Oct-30-21,RD/KP07-JP000,Levia-Dragon - Daedalus,2,Rush Rare,7,Water,Sea Serpent,26,15
Oct-30-21,RD/KP07-JP001,Valkyrian Sewkyrie,1,Common,1,Light,Fairy,0,14
Oct-30-21,RD/KP07-JP002,Takriminos,1,Rare,4,Water,Sea Serpent,15,12
Oct-30-21,RD/KP07-JP003,Dolphin King Iruqua,1,Common,6,Water,Sea Serpent,20,5
Oct-30-21,RD/KP07-JP004,Gagaga Outfielder,1,Common,4,FIre,Warrior,12,4
Oct-30-21,RD/KP07-JP005,Achacha Catcher,1,Common,4,FIre,Warrior,14,4
Oct-30-21,RD/KP07-JP006,Zubaba Batter,1,Common,4,FIre,Warrior,15,4
Oct-30-21,RD/KP07-JP007,Reportrain,1,Common,4,Earth,Machine,13,2
Oct-30-21,RD/KP07-JP008,Taste Inspector,1,Common,3,FIre,Pyro,13,0
Oct-30-21,RD/KP07-JP009,Cross Promotion the Elite Noodle Ninja,1,Rare,7,FIre,Pyro,25,0
Oct-30-21,RD/KP07-JP010,U.M.U. - Unidentified Mysterious Urchin,1,Common,3,Water,Sea Serpent,2,14
Oct-30-21,RD/KP07-JP011,Necroman III,2,Super Rare,3,Dark,Zombie,10,0
Oct-30-21,RD/KP07-JP012,Daybreak Warrior,2,Common,6,Dark,Warrior,17,4
Oct-30-21,RD/KP07-JP013,Mountain Storm Dragon,2,Common,5,Earth,Dragon,16,16
Oct-30-21,RD/KP07-JP014,Psyphickupper,2,Rare,6,Dark,Psychic,18,0
Oct-30-21,RD/KP07-JP015,Mezame the August Awakener,2,Super Rare,1,Dark,Warrior,0,2
Oct-30-21,RD/KP07-JP016,Pierce-Enforcing Brave,2,Rare,4,Dark,Warrior,12,10
Oct-30-21,RD/KP07-JP017,Kimeluna the Lunar Dark Decider,2,Super Rare,8,Dark,Warrior,0,25
Oct-30-21,RD/KP07-JP018,Royal Rebel's Break,2,Common,2,Light,Fiend,8,0
Oct-30-21,RD/KP07-JP019,Viskam Nanotron‎,2,Common,6,Light,Cyberse,18,1
Oct-30-21,RD/KP07-JP021,Karuiruka,2,Common,2,Water,Sea Serpent,5,10
Oct-30-21,RD/KP07-JP022,Sea Star Trooper,2,Rare,3,Water,Sea Serpent,10,12
Oct-30-21,RD/KP07-JP023,Kataomoiruka,2,Common,3,Water,Sea Serpent,12,5
Oct-30-21,RD/KP07-JP024,Headbutt Cachalot,2,Super Rare,7,Water,Sea Serpent,25,12
Oct-30-21,RD/KP07-JP025,Dododo Second,2,Common,4,FIre,Warrior,0,14
Oct-30-21,RD/KP07-JP026,Gogogo Umpire,2,Common,4,FIre,Warrior,10,4
Oct-30-21,RD/KP07-JP029,Reporter Raccoon Miketan,2,Common,5,Earth,Machine,16,10
Oct-30-21,RD/KP07-JP030,Cleaning Machine Gorgain,2,Rare,6,Earth,Machine,18,2
Oct-30-21,RD/KP07-JP031,Sea Dragon Cranedross,2,Common,3,Water,Sea Serpent,10,3
Oct-30-21,RD/KP07-JP032,Sea Dragon Knight,2,Ultra Rare,3,Water,Sea Serpent,13,3
Oct-30-21,RD/KP07-JP033,Dosodon,2,Rare,4,FIre,Dinosaur,11,0
Oct-30-21,RD/KP07-JP038,Meat Spice the Special Noodle Ninja,5,Rare,9,FIre,Pyro,29,0
Oct-30-21,RD/KP07-JP039,Miso Instant the Special Noodle Ninja,5,Rare,9,FIre,Pyro,29,0
Oct-30-21,RD/KP07-JP040,Hunter of Titans,5,Rare,7,Light,Fiend,22,21
Oct-30-21,RD/KP07-JP041,Fenrirewritter Sol,5,Rare,9,Light,Cyberse,28,21
Nov-01-21,RD/AKG3-JP001,Sevens Road Witch,2,Ultra Rare,6,Dark,Spellcaster,16,10
Nov-01-21,RD/AKG4-JP001,Illusion Strike Dragon Miragias,2,Ultra Rare,7,Dark,Dragon,25,15
Nov-04-21,RD/SJMP-JP010,Mach Mega Falcon,5,Normal Parallel Rare,7,Wind,Machine,25,15
Nov-04-21,RD/CL02-JP001,Cladsoul Dragon Gaigias,2,Ultra Rare,7,Dark,Dragon,25,15
Dec-01-21,RD/EXT1-JPC01,Metallion Vritrastar,5,Rush Rare,9,Light,Cyborg,28,25
Dec-03-21,RD/SJMP-JP011,Douma the Talismanic Supreme Sage,5,Normal Parallel Rare,8,Light,Warrior,25,16
Dec-11-21,RD/GRP1-JP001,Sevens Road Magician,2,Gold Rush Rare,7,Dark,Spellcaster,21,15
Dec-11-21,RD/GRP1-JP002,Multistrike Dragon Dragias,2,Gold Rush Rare,7,Light,Dragon,25,15
Dec-11-21,RD/GRP1-JP003,Prima Guitarna the Shining Superstar,2,Gold Rush Rare,7,Light,Psychic,22,0
Dec-11-21,RD/GRP1-JP004,Yamiruler the Dark Delayer,2,Gold Rush Rare,8,Dark,Warrior ,25,25
Dec-11-21,RD/GRP1-JP005,Royal Rebel's Heavy Metal,2,Gold Rush Rare,8,Light,Fiend,25,0
Dec-11-21,RD/GRP1-JP006,Yggdrago the Sky Emperor,3,Gold Rush Rare,10,Light,Cyberse,20,0
Dec-11-21,RD/GRP1-JP007,Constructor Wyrm Buildragon,2,Gold Rush Rare,8,Earth,Wyrm,25,20
Dec-11-21,RD/GRP1-JP015,Dark Magician,1,Secret Rare,7,Dark,Spellcaster,25,21
Dec-11-21,RD/GRP1-JP016,Red-Eyes Black Dragon,1,Secret Rare,7,Dark,Dragon,24,20
Dec-11-21,RD/GRP1-JP018,Elegant Fire Bird Harpuia,2,Super Rare,7,FIre,Winged Beast,25,15
Dec-11-21,RD/GRP1-JP019,Daigyakutenno Megami,2,Super Rare,7,Light,Fairy,24,20
Dec-11-21,RD/GRP1-JP020,Pholus the Star Knight,2,Super Rare,5,Light,Fiend,16,12
Dec-11-21,RD/GRP1-JP021,Crystal Brain,2,Super Rare,4,Water,Cyberse,11,0
Dec-11-21,RD/GRP1-JP022,Ether Finder,2,Super Rare,4,Earth,Machine,10,12
Dec-11-21,RD/GRP1-JP023,Pheonix Dragon,2,Super Rare,2,Fire,Dragon,5,5
Dec-11-21,RD/GRP1-JP034,Gyakutenno Megami,1,Common,6,Light,Fairy,18,20
Dec-11-21,RD/GRP1-JP035,Alligator's Sword,1,Common,4,Earth,Beast,15,12
Dec-11-21,RD/GRP1-JP036,Beaver Warrior,1,Common,4,Earth,Beast-Warrior,12,15
Dec-11-21,RD/GRP1-JP037,Constructor Princess Pylon,1,Common,1,Earth,Wyrm,1,0
Dec-11-21,RD/GRP1-JP038,Karatake the Talismanic Warrior,2,Common,4,Fire,Warrior ,10,10
Dec-11-21,RD/GRP1-JP039,Unfulfilled Goblin,2,Common,4,Earth,Beast-Warrior,10,10
Dec-11-21,RD/GRP1-JP040,Kaibaman,2,Common,3,Light,Warrior ,2,7
Dec-11-21,RD/GRP1-JP041,Whispering Fairy,2,Common,2,Wind,Spellcaster,8,12
Dec-11-21,RD/GRP1-JP042,Yuri the Shadow Flower Fiend,2,Common,2,Earth,Plant,5,5
Dec-11-21,RD/GRP1-JP043,Black Dragon's Chick,2,Common,1,Dark,Dragon,8,5
Dec-18-21,RD/DD01-JP001,Blue-Eyes White Dragon,1,Secret Rare,8,Light,Dragon,30,25
Dec-18-21,RD/DD01-JP002,Sevens Road Enchanter,2,Secret Rare,3,Dark,Spellcaster,12,1
Dec-22-21,RD/BD05-JP001,Kimeluna the Lunar Dark Decider,2,Ultra Parallel Rare,8,Dark,Warrior,0,25
Dec-28-21,RD/VP02-JP001,Great Multistrike Dragon Dragias Burst [L],3,Secret Rare,7,Light,Dragon,15,0
Dec-28-21,RD/VP02-JP002,Great Multistrike Dragon Dragias Burst,3,Secret Rare,10,Light,Dragon,20,0
Dec-28-21,RD/VP02-JP003,Great Multistrike Dragon Dragias Burst [R],3,Secret Rare,7,Light,Dragon,15,0